request_id,team
SR510822,Repairs
SR510823,Repairs
SR510824,Repairs
SR510825,Repairs
SR510826,Repairs
SR510827,Repairs
SR510828,Repairs
SR510829,Repairs
SR510830,Repairs
SR510831,Repairs
SR510832,Repairs
SR510833,Repairs
SR510834,Repairs
SR510835,Repairs
SR510836,Repairs
SR510837,Repairs
SR510838,Repairs
SR510839,Repairs
SR510840,Repairs
SR510841,Repairs
SR510842,Repairs
SR510843,Repairs
SR510844,Repairs
SR510845,Repairs
SR510846,Repairs
SR510847,Repairs
SR510848,Repairs
SR510849,Repairs
SR510850,Repairs
SR510851,Repairs
SR510852,Repairs
SR510853,Repairs
SR510854,Repairs
SR510855,Repairs
SR510856,Repairs
SR510857,Repairs
SR510858,Repairs
SR510859,Repairs
SR510860,Repairs
SR510861,Repairs
SR510862,Repairs
SR510863,Repairs
SR510864,Repairs
SR510865,Repairs
SR510866,Repairs
SR510867,Repairs
SR510868,Repairs
SR510869,Repairs
SR510870,Repairs
SR510871,Repairs
SR510872,Repairs
SR510873,Repairs
SR510874,Repairs
SR510875,Repairs
SR510876,Repairs
SR510877,Repairs
SR510878,Repairs
SR510879,Repairs
SR510880,Repairs
SR510881,Repairs
SR510882,Repairs
SR510883,Repairs
SR510884,Repairs
SR510885,Repairs
SR510886,Repairs
SR510887,Repairs
SR510888,Repairs
SR510889,Repairs
SR510890,Repairs
SR510891,Repairs
SR510892,Repairs
SR510893,Repairs
SR510894,Repairs
SR510895,Repairs
SR510896,Repairs
SR510897,Repairs
SR510898,Repairs
SR510899,Repairs
SR510900,Repairs
SR510901,Repairs
SR510902,Repairs
SR510903,Repairs
SR510904,Repairs
SR510905,Repairs
SR510906,Repairs
SR510907,Repairs
SR510908,Repairs
SR510909,Repairs
SR510910,Repairs
SR510911,Repairs
SR510912,Repairs
SR510913,Repairs
SR510914,Repairs
SR510915,Repairs
SR510916,Repairs
SR510917,Repairs
SR510918,Repairs
SR510919,Repairs
SR510920,Repairs
SR510921,Repairs
SR510922,Repairs
SR510923,Repairs
SR510924,Repairs
SR510925,Repairs
SR510926,Repairs
SR510927,Repairs
SR510928,Repairs
SR510929,Repairs
SR510930,Repairs
SR510931,Repairs
SR510932,Repairs
SR510933,Repairs
SR510934,Repairs
SR510935,Repairs
SR510936,Repairs
SR510937,Repairs
SR510938,Repairs
SR510939,Repairs
SR510940,Repairs
SR510941,Repairs
SR510942,Repairs
SR510943,Repairs
SR510944,Repairs
SR510945,Repairs
SR510946,Repairs
SR510947,Repairs
SR510948,Repairs
SR510949,Repairs
SR510950,Repairs
SR510951,Repairs
SR510952,Repairs
SR510953,Repairs
SR510954,Repairs
SR510955,Repairs
SR510956,Repairs
SR510957,Repairs
SR510958,Repairs
SR510959,Repairs
SR510960,Repairs
SR510961,Repairs
SR510962,Repairs
SR510963,Repairs
SR510964,Repairs
SR510965,Repairs
SR510966,Repairs
SR510967,Repairs
SR510968,Repairs
SR510969,Repairs
SR510970,Repairs
SR510971,Repairs
SR510972,Repairs
SR510973,Repairs
SR510974,Repairs
SR510975,Repairs
SR510976,Repairs
SR510977,Repairs
SR510978,Repairs
SR510979,Repairs
SR510980,Repairs
SR510981,Repairs
SR510982,Repairs
SR510983,Repairs
SR510984,Repairs
SR510985,Repairs
SR510986,Repairs
SR510987,Repairs
SR510988,Repairs
SR510989,Repairs
SR510990,Repairs
SR510991,Repairs
SR510992,Repairs
SR510993,Repairs
SR510994,Repairs
SR510995,Repairs
SR510996,Repairs
SR510997,Repairs
SR510998,Repairs
SR510999,Repairs
SR511000,Repairs
SR511001,Repairs
SR511002,Repairs
SR511003,Repairs
SR511004,Repairs
SR511005,Repairs
SR511006,Repairs
SR511007,Repairs
SR511008,Repairs
SR511009,Repairs
SR511010,Repairs
SR511011,Repairs
SR511012,Repairs
SR511013,Repairs
SR511014,Repairs
SR511015,Repairs
SR511016,Repairs
SR511017,Repairs
SR511018,Repairs
SR511019,Repairs
SR511020,Repairs
SR511021,Repairs
SR511022,Repairs
SR511023,Repairs
SR511024,Repairs
SR511025,Repairs
SR511026,Repairs
SR511027,Repairs
SR511028,Repairs
SR511029,Repairs
SR511030,Repairs
SR511031,Repairs
SR511032,Repairs
SR511033,Repairs
SR511034,Repairs
SR511035,Repairs
SR511036,Repairs
SR511037,Repairs
SR511038,Repairs
SR511039,Repairs
SR511040,Repairs
SR511041,Repairs
SR511042,Repairs
SR511043,Repairs
SR511044,Repairs
SR511045,Repairs
SR511046,Repairs
SR511047,Repairs
SR511048,Repairs
SR511049,Repairs
SR511050,Repairs
SR511051,Repairs
SR511052,Repairs
SR511053,Repairs
SR511054,Repairs
SR511055,Repairs
SR511056,Repairs
SR511057,Repairs
SR511058,Repairs
SR511059,Repairs
SR511060,Repairs
SR511061,Repairs
SR511062,Repairs
SR511063,Repairs
SR511064,Repairs
SR511065,Repairs
SR511066,Repairs
SR511067,Repairs
SR511068,Repairs
SR511069,Repairs
SR511070,Repairs
SR511071,Repairs
SR511072,Repairs
SR511073,Repairs
SR511074,Repairs
SR511075,Repairs
SR511076,Repairs
SR511077,Repairs
SR511078,Repairs
SR511079,Repairs
SR511080,Repairs
SR511081,Repairs
SR511082,Repairs
SR511083,Repairs
SR511084,Repairs
SR511085,Repairs
SR511086,Repairs
SR511087,Repairs
SR511088,Repairs
SR511089,Repairs
SR511090,Repairs
SR511091,Repairs
SR511092,Repairs
SR511093,Repairs
SR511094,Repairs
SR511095,Repairs
SR511096,Repairs
SR511097,Repairs
SR511098,Repairs
SR511099,Repairs
SR511100,Repairs
SR511101,Repairs
SR511102,Repairs
SR511103,Repairs
SR511104,Repairs
SR511105,Repairs
SR511106,Repairs
SR511107,Repairs
SR511108,Repairs
SR511109,Repairs
SR511110,Repairs
SR511111,Repairs
SR511112,Repairs
SR511113,Repairs
SR511114,Repairs
SR511115,Repairs
SR511116,Repairs
SR511117,Repairs
SR511118,Repairs
SR511119,Repairs
SR511120,Repairs
SR511121,Repairs
SR511122,Repairs
SR511123,Repairs
SR511124,Repairs
SR511125,Repairs
SR511126,Repairs
SR511127,Repairs
SR511128,Repairs
SR511129,Repairs
SR511130,Repairs
SR511131,Repairs
SR511132,Repairs
SR511133,Repairs
SR511134,Repairs
SR511135,Repairs
SR511136,Repairs
SR511137,Repairs
SR511138,Repairs
SR511139,Repairs
SR511140,Repairs
SR511141,Repairs
SR511142,Repairs
SR511143,Repairs
SR511144,Repairs
SR511145,Repairs
SR511146,Repairs
SR511147,Repairs
SR511148,Repairs
SR511149,Repairs
SR511150,Repairs
SR511151,Repairs
SR511152,Repairs
SR511153,Repairs
SR511154,Repairs
SR511155,Repairs
SR511156,Repairs
SR511157,Repairs
SR511158,Repairs
SR511159,Repairs
SR511160,Repairs
SR511161,Repairs
SR511162,Repairs
SR511163,Repairs
SR511164,Repairs
SR511165,Repairs
SR511166,Repairs
SR511167,Repairs
SR511168,Repairs
SR511169,Repairs
SR511170,Repairs
SR511171,Repairs
SR511172,Repairs
SR511173,Repairs
SR511174,Repairs
SR511175,Repairs
SR511176,Repairs
SR511177,Repairs
SR511178,Repairs
SR511179,Repairs
SR511180,Repairs
SR511181,Repairs
SR511182,Repairs
SR511183,Repairs
SR511184,Repairs
SR511185,Repairs
SR511186,Repairs
SR511187,Repairs
SR511188,Repairs
SR511189,Repairs
SR511190,Repairs
SR511191,Repairs
SR511192,Repairs
SR511193,Repairs
SR511194,Repairs
SR511195,Repairs
SR511196,Repairs
SR511197,Repairs
SR511198,Repairs
SR511199,Repairs
SR511200,Repairs
SR511201,Repairs
SR511202,Repairs
SR511203,Repairs
SR511204,Repairs
SR511205,Repairs
SR511206,Repairs
SR511207,Repairs
SR511208,Repairs
SR511209,Repairs
SR511210,Repairs
SR511211,Repairs
SR511212,Repairs
SR511213,Repairs
SR511214,Repairs
SR511215,Repairs
SR511216,Repairs
SR511217,Repairs
SR511218,Repairs
SR511219,Repairs
SR511220,Repairs
SR511221,Repairs
SR511222,Repairs
SR511223,Repairs
SR511224,Repairs
SR511225,Repairs
SR511226,Repairs
SR511227,Repairs
SR511228,Repairs
SR511229,Repairs
SR511230,Repairs
SR511231,Repairs
SR511232,Repairs
SR511233,Repairs
SR511234,Repairs
SR511235,Repairs
SR511236,Repairs
SR511237,Repairs
SR511238,Repairs
SR511239,Repairs
SR511240,Repairs
SR511241,Repairs
SR511242,Repairs
SR511243,Repairs
SR511244,Repairs
SR511245,Repairs
SR511246,Repairs
SR511247,Repairs
SR511248,Repairs
SR511249,Repairs
SR511250,Repairs
SR511251,Repairs
SR511252,Repairs
SR511253,Repairs
SR511254,Repairs
SR511255,Repairs
SR511256,Repairs
SR511257,Repairs
SR511258,Repairs
SR511259,Repairs
SR511260,Repairs
SR511261,Repairs
SR511262,Repairs
SR511263,Repairs
SR511264,Repairs
SR511265,Repairs
SR511266,Repairs
SR511267,Repairs
SR511268,Repairs
SR511269,Repairs
SR511270,Repairs
SR511271,Repairs
SR511272,Repairs
SR511273,Repairs
SR511274,Repairs
SR511275,Repairs
SR511276,Repairs
SR511277,Repairs
SR511278,Repairs
SR511279,Repairs
SR511280,Repairs
SR511281,Repairs
SR511282,Repairs
SR511283,Repairs
SR511284,Repairs
SR511285,Repairs
SR511286,Repairs
SR511287,Repairs
SR511288,Repairs
SR511289,Repairs
SR511290,Repairs
SR511291,Repairs
SR511292,Repairs
SR511293,Repairs
SR511294,Repairs
SR511295,Repairs
SR511296,Repairs
SR511297,Repairs
SR511298,Repairs
SR511299,Repairs
SR511300,Repairs
SR511301,Repairs
SR511302,Repairs
SR511303,Repairs
SR511304,Repairs
SR511305,Repairs
SR511306,Repairs
SR511307,Repairs
SR511308,Repairs
SR511309,Repairs
SR511310,Repairs
SR511311,Repairs
SR511312,Repairs
SR511313,Repairs
SR511314,Repairs
SR511315,Repairs
SR511316,Repairs
SR511317,Repairs
SR511318,Repairs
SR511319,Repairs
SR511320,Repairs
SR511321,Repairs
SR511322,Repairs
SR511323,Repairs
SR511324,Repairs
SR511325,Repairs
SR511326,Repairs
SR511327,Repairs
SR511328,Repairs
SR511329,Repairs
SR511330,Repairs
SR511331,Repairs
SR511332,Repairs
SR511333,Repairs
SR511334,Repairs
SR511335,Repairs
SR511336,Repairs
SR511337,Repairs
SR511338,Repairs
SR511339,Repairs
SR511340,Repairs
SR511341,Repairs
SR511342,Repairs
SR511343,Repairs
SR511344,Repairs
SR511345,Repairs
SR511346,Repairs
SR511347,Repairs
SR511348,Repairs
SR511349,Repairs
SR511350,Repairs
SR511351,Repairs
SR511352,Repairs
SR511353,Repairs
SR511354,Repairs
SR511355,Repairs
SR511356,Repairs
SR511357,Repairs
SR511358,Repairs
SR511359,Repairs
SR511360,Repairs
SR511361,Repairs
SR511362,Repairs
SR511363,Repairs
SR511364,Repairs
SR511365,Repairs
SR511366,Repairs
SR511367,Repairs
SR511368,Repairs
SR511369,Repairs
SR511370,Repairs
SR511371,Repairs
SR511372,Repairs
SR511373,Repairs
SR511374,Repairs
SR511375,Repairs
SR511376,Repairs
SR511377,Repairs
SR511378,Repairs
SR511379,Repairs
SR511380,Repairs
SR511381,Repairs
SR511382,Repairs
SR511383,Repairs
SR511384,Repairs
SR511385,Repairs
SR511386,Repairs
SR511387,Repairs
SR511388,Repairs
SR511389,Repairs
SR511390,Repairs
SR511391,Repairs
SR511392,Repairs
SR511393,Repairs
SR511394,Repairs
SR511395,Repairs
SR511396,Repairs
SR511397,Repairs
SR511398,Repairs
SR511399,Repairs
SR511400,Repairs
SR511401,Repairs
SR511402,Repairs
SR511403,Repairs
SR511404,Repairs
SR511405,Repairs
SR511406,Repairs
SR511407,Repairs
SR511408,Repairs
SR511409,Repairs
SR511410,Repairs
SR511411,Repairs
SR511412,Repairs
SR511413,Repairs
SR511414,Repairs
SR511415,Repairs
SR511416,Repairs
SR511417,Repairs
SR511418,Repairs
SR511419,Repairs
SR511420,Repairs
SR511421,Repairs
SR511422,Repairs
SR511423,Repairs
SR511424,Repairs
SR511425,Repairs
SR511426,Repairs
SR511427,Repairs
SR511428,Repairs
SR511429,Repairs
SR511430,Repairs
SR511431,Repairs
SR511432,Repairs
SR511433,Repairs
SR511434,Repairs
SR511435,Repairs
SR511436,Repairs
SR511437,Repairs
SR511438,Repairs
SR511439,Repairs
SR511440,Repairs
SR511441,Repairs
SR511442,Repairs
SR511443,Repairs
SR511444,Repairs
SR511445,Repairs
SR511446,Repairs
SR511447,Repairs
SR511448,Repairs
SR511449,Repairs
SR511450,Repairs
SR511451,Repairs
SR511452,Repairs
SR511453,Repairs
SR511454,Repairs
SR511455,Repairs
SR511456,Repairs
SR511457,Repairs
SR511458,Repairs
SR511459,Repairs
SR511460,Repairs
SR511461,Repairs
SR511462,Repairs
SR511463,Repairs
SR511464,Repairs
SR511465,Repairs
SR511466,Repairs
SR511467,Repairs
SR511468,Repairs
SR511469,Repairs
SR511470,Repairs
SR511471,Repairs
SR511472,Repairs
SR511473,Repairs
SR511474,Repairs
SR511475,Repairs
SR511476,Repairs
SR511477,Repairs
SR511478,Repairs
SR511479,Repairs
SR511480,Repairs
SR511481,Repairs
SR511482,Repairs
SR511483,Repairs
SR511484,Repairs
SR511485,Repairs
SR511486,Repairs
SR511487,Repairs
SR511488,Repairs
SR511489,Repairs
SR511490,Repairs
SR511491,Repairs
SR511492,Repairs
SR511493,Repairs
SR511494,Repairs
SR511495,Repairs
SR511496,Repairs
SR511497,Repairs
SR511498,Repairs
SR511499,Repairs
SR511500,Repairs
SR511501,Repairs
SR511502,Repairs
SR511503,Repairs
SR511504,Repairs
SR511505,Repairs
SR511506,Repairs
SR511507,Repairs
SR511508,Repairs
SR511509,Repairs
SR511510,Repairs
SR511511,Repairs
SR511512,Repairs
SR511513,Repairs
SR511514,Repairs
SR511515,Repairs
SR511516,Repairs
SR511517,Repairs
SR511518,Repairs
SR511519,Repairs
SR511520,Repairs
SR511521,Repairs
SR511522,Repairs
SR511523,Repairs
SR511524,Repairs
SR511525,Repairs
SR511526,Repairs
SR511527,Repairs
SR511528,Repairs
SR511529,Repairs
SR511530,Repairs
SR511531,Repairs
SR511532,Repairs
SR511533,Repairs
SR511534,Repairs
SR511535,Repairs
SR511536,Repairs
SR511537,Repairs
SR511538,Repairs
SR511539,Repairs
SR511540,Repairs
SR511541,Repairs
SR511542,Repairs
SR511543,Repairs
SR511544,Repairs
SR511545,Repairs
SR511546,Repairs
SR511547,Repairs
SR511548,Repairs
SR511549,Repairs
SR511550,Repairs
SR511551,Repairs
SR511552,Repairs
SR511553,Repairs
SR511554,Repairs
SR511555,Repairs
SR511556,Repairs
SR511557,Repairs
SR511558,Repairs
SR511559,Repairs
SR511560,Repairs
SR511561,Repairs
SR511562,Repairs
SR511563,Repairs
SR511564,Repairs
SR511565,Repairs
SR511566,Repairs
SR511567,Repairs
SR511568,Repairs
SR511569,Repairs
SR511570,Repairs
SR511571,Repairs
SR511572,Repairs
SR511573,Repairs
SR511574,Repairs
SR511575,Repairs
SR511576,Repairs
SR511577,Repairs
SR511578,Repairs
SR511579,Repairs
SR511580,Repairs
SR511581,Repairs
SR511582,Repairs
SR511583,Repairs
SR511584,Repairs
SR511585,Repairs
SR511586,Repairs
SR511587,Repairs
SR511588,Repairs
SR511589,Repairs
SR511590,Repairs
SR511591,Repairs
SR511592,Repairs
SR511593,Repairs
SR511594,Repairs
SR511595,Repairs
SR511596,Repairs
SR511597,Repairs
SR511598,Repairs
SR511599,Repairs
SR511600,Repairs
SR511601,Repairs
SR511602,Repairs
SR511603,Repairs
SR511604,Repairs
SR511605,Repairs
SR511606,Repairs
SR511607,Repairs
SR511608,Repairs
SR511609,Repairs
SR511610,Repairs
SR511611,Repairs
SR511612,Repairs
SR511613,Repairs
SR511614,Repairs
SR511615,Repairs
SR511616,Repairs
SR511617,Repairs
SR511618,Repairs
SR511619,Repairs
SR511620,Repairs
SR511621,Repairs
SR511622,Repairs
SR511623,Repairs
SR511624,Repairs
SR511625,Repairs
SR511626,Repairs
SR511627,Repairs
SR511628,Repairs
SR511629,Repairs
SR511630,Repairs
SR511631,Repairs
SR511632,Repairs
SR511633,Repairs
SR511634,Repairs
SR511635,Repairs
SR511636,Repairs
SR511637,Repairs
SR511638,Repairs
SR511639,Repairs
SR511640,Repairs
SR511641,Repairs
SR511642,Repairs
SR511643,Repairs
SR511644,Repairs
SR511645,Repairs
SR511646,Repairs
SR511647,Repairs
SR511648,Repairs
SR511649,Repairs
SR511650,Repairs
SR511651,Repairs
SR511652,Repairs
SR511653,Repairs
SR511654,Repairs
SR511655,Repairs
SR511656,Repairs
SR511657,Repairs
SR511658,Repairs
SR511659,Repairs
SR511660,Repairs
SR511661,Repairs
SR511662,Repairs
SR511663,Repairs
SR511664,Repairs
SR511665,Repairs
SR511666,Repairs
SR511667,Repairs
SR511668,Repairs
SR511669,Repairs
SR511670,Repairs
SR511671,Repairs
SR511672,Repairs
SR511673,Repairs
SR511674,Repairs
SR511675,Repairs
SR511676,Repairs
SR511677,Repairs
SR511678,Repairs
SR511679,Repairs
SR511680,Repairs
SR511681,Repairs
SR511682,Repairs
SR511683,Repairs
SR511684,Repairs
SR511685,Repairs
SR511686,Repairs
SR511687,Repairs
SR511688,Repairs
SR511689,Repairs
SR511690,Repairs
SR511691,Repairs
SR511692,Repairs
SR511693,Repairs
SR511694,Repairs
SR511695,Repairs
SR511696,Repairs
SR511697,Repairs
SR511698,Repairs
SR511699,Repairs
SR511700,Repairs
SR511701,Repairs
SR511702,Repairs
SR511703,Repairs
SR511704,Repairs
SR511705,Repairs
SR511706,Repairs
SR511707,Repairs
SR511708,Repairs
SR511709,Repairs
SR511710,Repairs
SR511711,Repairs
SR511712,Repairs
SR511713,Repairs
SR511714,Repairs
SR511715,Repairs
SR511716,Repairs
SR511717,Repairs
SR511718,Repairs
SR511719,Repairs
SR511720,Repairs
SR511721,Repairs
SR511722,Repairs
SR511723,Repairs
SR511724,Repairs
SR511725,Repairs
SR511726,Repairs
SR511727,Repairs
SR511728,Repairs
SR511729,Repairs
SR511730,Repairs
SR511731,Repairs
SR511732,Repairs
SR511733,Repairs
SR511734,Repairs
SR511735,Repairs
SR511736,Repairs
SR511737,Repairs
SR511738,Repairs
SR511739,Repairs
SR511740,Repairs
SR511741,Repairs
SR511742,Repairs
SR511743,Repairs
SR511744,Repairs
SR511745,Repairs
SR511746,Repairs
SR511747,Repairs
SR511748,Repairs
SR511749,Repairs
SR511750,Repairs
SR511751,Repairs
SR511752,Repairs
SR511753,Repairs
SR511754,Repairs
SR511755,Repairs
SR511756,Repairs
SR511757,Repairs
SR511758,Repairs
SR511759,Repairs
SR511760,Repairs
SR511761,Repairs
SR511762,Repairs
SR511763,Repairs
SR511764,Repairs
SR511765,Repairs
SR511766,Repairs
SR511767,Repairs
SR511768,Repairs
SR511769,Repairs
SR511770,Repairs
SR511771,Repairs
SR511772,Repairs
SR511773,Repairs
SR511774,Repairs
SR511775,Repairs
SR511776,Repairs
SR511777,Repairs
SR511778,Repairs
SR511779,Repairs
SR511780,Repairs
SR511781,Repairs
SR511782,Repairs
SR511783,Repairs
SR511784,Repairs
SR511785,Repairs
SR511786,Repairs
SR511787,Repairs
SR511788,Repairs
SR511789,Repairs
SR511790,Repairs
SR511791,Repairs
SR511792,Repairs
SR511793,Repairs
SR511794,Repairs
SR511795,Repairs
SR511796,Repairs
SR511797,Repairs
SR511798,Repairs
SR511799,Repairs
SR511800,Repairs
SR511801,Repairs
SR511802,Repairs
SR511803,Repairs
SR511804,Repairs
SR511805,Repairs
SR511806,Repairs
SR511807,Repairs
SR511808,Repairs
SR511809,Repairs
SR511810,Repairs
SR511811,Repairs
SR511812,Repairs
SR511813,Repairs
SR511814,Repairs
SR511815,Repairs
SR511816,Repairs
SR511817,Repairs
SR511818,Repairs
SR511819,Repairs
SR511820,Repairs
SR511821,Repairs
SR511822,Repairs
SR511823,Repairs
SR511824,Repairs
SR511825,Repairs
SR511826,Repairs
SR511827,Repairs
SR511828,Repairs
SR511829,Repairs
SR511830,Repairs
SR511831,Repairs
SR511832,Repairs
SR511833,Repairs
SR511834,Repairs
SR511835,Repairs
SR511836,Repairs
SR511837,Repairs
SR511838,Repairs
SR511839,Repairs
SR511840,Repairs
SR511841,Repairs
SR511842,Repairs
SR511843,Repairs
SR511844,Repairs
SR511845,Repairs
SR511846,Repairs
SR511847,Repairs
SR511848,Repairs
SR511849,Repairs
SR511850,Repairs
SR511851,Repairs
SR511852,Repairs
SR511853,Repairs
SR511854,Repairs
SR511855,Repairs
SR511856,Repairs
SR511857,Repairs
SR511858,Repairs
SR511859,Repairs
SR511860,Repairs
SR511861,Repairs
SR511862,Repairs
SR511863,Repairs
SR511864,Repairs
SR511865,Repairs
SR511866,Repairs
SR511867,Repairs
SR511868,Repairs
SR511869,Repairs
SR511870,Repairs
SR511871,Repairs
SR511872,Repairs
SR511873,Repairs
SR511874,Repairs
SR511875,Repairs
SR511876,Repairs
SR511877,Repairs
SR511878,Repairs
SR511879,Repairs
SR511880,Repairs
SR511881,Repairs
SR511882,Repairs
SR511883,Repairs
SR511884,Repairs
SR511885,Repairs
SR511886,Repairs
SR511887,Repairs
SR511888,Repairs
SR511889,Repairs
SR511890,Repairs
SR511891,Repairs
SR511892,Repairs
SR511893,Repairs
SR511894,Repairs
SR511895,Repairs
SR511896,Repairs
SR511897,Repairs
SR511898,Repairs
SR511899,Repairs
SR511900,Repairs
SR511901,Repairs
SR511902,Repairs
SR511903,Repairs
SR511904,Repairs
SR511905,Repairs
SR511906,Repairs
SR511907,Repairs
SR511908,Repairs
SR511909,Repairs
SR511910,Repairs
SR511911,Repairs
SR511912,Repairs
SR511913,Repairs
SR511914,Repairs
SR511915,Repairs
SR511916,Repairs
SR511917,Repairs
SR511918,Repairs
SR511919,Repairs
SR511920,Repairs
SR511921,Repairs
SR511922,Repairs
SR511923,Repairs
SR511924,Repairs
SR511925,Repairs
SR511926,Repairs
SR511927,Repairs
SR511928,Repairs
SR511929,Repairs
SR511930,Repairs
SR511931,Repairs
SR511932,Repairs
SR511933,Repairs
SR511934,Repairs
SR511935,Repairs
SR511936,Repairs
SR511937,Repairs
SR511938,Repairs
SR511939,Repairs
SR511940,Repairs
SR511941,Repairs
SR511942,Repairs
SR511943,Repairs
SR511944,Repairs
SR511945,Repairs
SR511946,Repairs
SR511947,Repairs
SR511948,Repairs
SR511949,Repairs
SR511950,Repairs
SR511951,Repairs
SR511952,Repairs
SR511953,Repairs
SR511954,Repairs
SR511955,Repairs
SR511956,Repairs
SR511957,Repairs
SR511958,Repairs
SR511959,Repairs
SR511960,Repairs
SR511961,Repairs
SR511962,Repairs
SR511963,Repairs
SR511964,Repairs
SR511965,Repairs
SR511966,Repairs
SR511967,Repairs
SR511968,Repairs
SR511969,Repairs
SR511970,Repairs
SR511971,Repairs
SR511972,Repairs
SR511973,Repairs
SR511974,Repairs
SR511975,Repairs
SR511976,Repairs
SR511977,Repairs
SR511978,Repairs
SR511979,Repairs
SR511980,Repairs
SR511981,Repairs
SR511982,Repairs
SR511983,Repairs
SR511984,Repairs
SR511985,Repairs
SR511986,Repairs
SR511987,Repairs
SR511988,Repairs
SR511989,Repairs
SR511990,Repairs
SR511991,Repairs
SR511992,Repairs
SR511993,Repairs
SR511994,Repairs
SR511995,Repairs
SR511996,Repairs
SR511997,Repairs
SR511998,Repairs
SR511999,Repairs
SR512000,Repairs
SR512001,Repairs
SR512002,Repairs
SR512003,Repairs
SR512004,Repairs
SR512005,Repairs
SR512006,Repairs
SR512007,Repairs
SR512008,Repairs
SR512009,Repairs
SR512010,Repairs
SR512011,Repairs
SR512012,Repairs
SR512013,Repairs
SR512014,Repairs
SR512015,Repairs
SR512016,Repairs
SR512017,Repairs
SR512018,Repairs
SR512019,Repairs
SR512020,Repairs
SR512021,Repairs
SR512022,Repairs
SR512023,Repairs
SR512024,Repairs
SR512025,Repairs
SR512026,Repairs
SR512027,Repairs
SR512028,Repairs
SR512029,Repairs
SR512030,Repairs
SR512031,Repairs
SR512032,Repairs
SR512033,Repairs
SR512034,Repairs
SR512035,Repairs
SR512036,Repairs
SR512037,Repairs
SR512038,Repairs
SR512039,Repairs
SR512040,Repairs
SR512041,Repairs
SR512042,Repairs
SR512043,Repairs
SR512044,Repairs
SR512045,Repairs
SR512046,Repairs
SR512047,Repairs
SR512048,Repairs
SR512049,Repairs
SR512050,Repairs
SR512051,Repairs
SR512052,Repairs
SR512053,Repairs
SR512054,Repairs
SR512055,Repairs
SR512056,Repairs
SR512057,Repairs
SR512058,Repairs
SR512059,Repairs
SR512060,Repairs
SR512061,Repairs
SR512062,Repairs
SR512063,Repairs
SR512064,Repairs
SR512065,Repairs
SR512066,Repairs
SR512067,Repairs
SR512068,Repairs
SR512069,Repairs
SR512070,Repairs
SR512071,Repairs
SR512072,Repairs
SR512073,Repairs
SR512074,Repairs
SR512075,Repairs
SR512076,Repairs
SR512077,Repairs
SR512078,Repairs
SR512079,Repairs
SR512080,Repairs
SR512081,Repairs
SR512082,Repairs
SR512083,Repairs
SR512084,Repairs
SR512085,Repairs
SR512086,Repairs
SR512087,Repairs
SR512088,Repairs
SR512089,Repairs
SR512090,Repairs
SR512091,Repairs
SR512092,Repairs
SR512093,Repairs
SR512094,Repairs
SR512095,Repairs
SR512096,Repairs
SR512097,Repairs
SR512098,Repairs
SR512099,Repairs
SR512100,Repairs
SR512101,Repairs
SR512102,Repairs
SR512103,Repairs
SR512104,Repairs
SR512105,Repairs
SR512106,Repairs
SR512107,Repairs
SR512108,Repairs
SR512109,Repairs
SR512110,Repairs
SR512111,Repairs
SR512112,Repairs
SR512113,Repairs
SR512114,Repairs
SR512115,Repairs
SR512116,Repairs
SR512117,Repairs
SR512118,Repairs
SR512119,Repairs
SR512120,Repairs
SR512121,Repairs
SR512122,Repairs
SR512123,Repairs
SR512124,Repairs
SR512125,Repairs
SR512126,Repairs
SR512127,Repairs
SR512128,Repairs
SR512129,Repairs
SR512130,Repairs
SR512131,Repairs
SR512132,Repairs
SR512133,Repairs
SR512134,Repairs
SR512135,Repairs
SR512136,Repairs
SR512137,Repairs
SR512138,Repairs
SR512139,Repairs
SR512140,Repairs
SR512141,Repairs
SR512142,Repairs
SR512143,Repairs
SR512144,Repairs
SR512145,Repairs
SR512146,Repairs
SR512147,Repairs
SR512148,Repairs
SR512149,Repairs
SR512150,Repairs
SR512151,Repairs
SR512152,Repairs
SR512153,Repairs
SR512154,Repairs
SR512155,Repairs
SR512156,Repairs
SR512157,Repairs
SR512158,Repairs
SR512159,Repairs
SR512160,Repairs
SR512161,Repairs
SR512162,Repairs
SR512163,Repairs
SR512164,Repairs
SR512165,Repairs
SR512166,Repairs
SR512167,Repairs
SR512168,Repairs
SR512169,Repairs
SR512170,Repairs
SR512171,Repairs
SR512172,Repairs
SR512173,Repairs
SR512174,Repairs
SR512175,Repairs
SR512176,Repairs
SR512177,Repairs
SR512178,Repairs
SR512179,Repairs
SR512180,Repairs
SR512181,Repairs
SR512182,Repairs
SR512183,Repairs
SR512184,Repairs
SR512185,Repairs
SR512186,Repairs
SR512187,Repairs
SR512188,Repairs
SR512189,Repairs
SR512190,Repairs
SR512191,Repairs
SR512192,Repairs
SR512193,Repairs
SR512194,Repairs
SR512195,Repairs
SR512196,Repairs
SR512197,Repairs
SR512198,Repairs
SR512199,Repairs
SR512200,Repairs
SR512201,Repairs
SR512202,Repairs
SR512203,Repairs
SR512204,Repairs
SR512205,Repairs
SR512206,Repairs
SR512207,Repairs
SR512208,Repairs
SR512209,Repairs
SR512210,Repairs
SR512211,Repairs
SR512212,Repairs
SR512213,Repairs
SR512214,Repairs
SR512215,Repairs
SR512216,Repairs
SR512217,Repairs
SR512218,Repairs
SR512219,Repairs
SR512220,Repairs
SR512221,Repairs
SR512222,Repairs
SR512223,Repairs
SR512224,Repairs
SR512225,Repairs
SR512226,Repairs
SR512227,Repairs
SR512228,Repairs
SR512229,Repairs
SR512230,Repairs
SR512231,Repairs
SR512232,Repairs
SR512233,Repairs
SR512234,Repairs
SR512235,Repairs
SR512236,Repairs
SR512237,Repairs
SR512238,Repairs
SR512239,Repairs
SR512240,Repairs
SR512241,Repairs
SR512242,Repairs
SR512243,Repairs
SR512244,Repairs
SR512245,Repairs
SR512246,Repairs
SR512247,Repairs
SR512248,Repairs
SR512249,Repairs
SR512250,Repairs
SR512251,Repairs
SR512252,Repairs
SR512253,Repairs
SR512254,Repairs
SR512255,Repairs
SR512256,Repairs
SR512257,Repairs
SR512258,Repairs
SR512259,Repairs
SR512260,Repairs
SR512261,Repairs
SR512262,Repairs
SR512263,Repairs
SR512264,Repairs
SR512265,Repairs
SR512266,Repairs
SR512267,Repairs
SR512268,Repairs
SR512269,Repairs
SR512270,Repairs
SR512271,Repairs
SR512272,Repairs
SR512273,Repairs
SR512274,Repairs
SR512275,Repairs
SR512276,Repairs
SR512277,Repairs
SR512278,Repairs
SR512279,Repairs
SR512280,Repairs
SR512281,Repairs
SR512282,Repairs
SR512283,Repairs
SR512284,Repairs
SR512285,Repairs
SR512286,Repairs
SR512287,Repairs
SR512288,Repairs
SR512289,Repairs
SR512290,Repairs
SR512291,Repairs
SR512292,Repairs
SR512293,Repairs
SR512294,Repairs
SR512295,Repairs
SR512296,Repairs
SR512297,Repairs
SR512298,Repairs
SR512299,Repairs
SR512300,Repairs
SR512301,Repairs
SR512302,Repairs
SR512303,Repairs
SR512304,Repairs
SR512305,Repairs
SR512306,Repairs
SR512307,Repairs
SR512308,Repairs
SR512309,Repairs
SR512310,Repairs
SR512311,Repairs
SR512312,Repairs
SR512313,Repairs
SR512314,Repairs
SR512315,Repairs
SR512316,Repairs
SR512317,Repairs
SR512318,Repairs
SR512319,Repairs
SR512320,Repairs
SR512321,Repairs
SR512322,Repairs
SR512323,Repairs
SR512324,Repairs
SR512325,Repairs
SR512326,Repairs
SR512327,Repairs
SR512328,Repairs
SR512329,Repairs
SR512330,Repairs
SR512331,Repairs
SR512332,Repairs
SR512333,Repairs
SR512334,Repairs
SR512335,Repairs
SR512336,Repairs
SR512337,Repairs
SR512338,Repairs
SR512339,Repairs
SR512340,Repairs
SR512341,Repairs
SR512342,Repairs
SR512343,Repairs
SR512344,Repairs
SR512345,Repairs
SR512346,Repairs
SR512347,Repairs
SR512348,Repairs
SR512349,Repairs
SR512350,Repairs
SR512351,Repairs
SR512352,Repairs
SR512353,Repairs
SR512354,Repairs
SR512355,Repairs
SR512356,Repairs
SR512357,Repairs
SR512358,Repairs
SR512359,Repairs
SR512360,Repairs
SR512361,Repairs
SR512362,Repairs
SR512363,Repairs
SR512364,Repairs
SR512365,Repairs
SR512366,Repairs
SR512367,Repairs
SR512368,Repairs
SR512369,Repairs
SR512370,Repairs
SR512371,Repairs
SR512372,Repairs
SR512373,Repairs
SR512374,Repairs
SR512375,Repairs
SR512376,Repairs
SR512377,Repairs
SR512378,Repairs
SR512379,Repairs
SR512380,Repairs
SR512381,Repairs
SR512382,Repairs
SR512383,Repairs
SR512384,Repairs
SR512385,Repairs
SR512386,Repairs
SR512387,Repairs
SR512388,Repairs
SR512389,Repairs
SR512390,Repairs
SR512391,Repairs
SR512392,Repairs
SR512393,Repairs
SR512394,Repairs
SR512395,Repairs
SR512396,Repairs
SR512397,Repairs
SR512398,Repairs
SR512399,Repairs
SR512400,Repairs
SR512401,Repairs
SR512402,Repairs
SR512403,Repairs
SR512404,Repairs
SR512405,Repairs
SR512406,Repairs
SR512407,Repairs
SR512408,Repairs
SR512409,Repairs
SR512410,Repairs
SR512411,Repairs
SR512412,Repairs
SR512413,Repairs
SR512414,Repairs
SR512415,Repairs
SR512416,Repairs
SR512417,Repairs
SR512418,Repairs
SR512419,Repairs
SR512420,Repairs
SR512421,Repairs
SR512422,Repairs
SR512423,Repairs
SR512424,Repairs
SR512425,Repairs
SR512426,Repairs
SR512427,Repairs
SR512428,Repairs
SR512429,Repairs
SR512430,Repairs
SR512431,Repairs
SR512432,Repairs
SR512433,Repairs
SR512434,Repairs
SR512435,Repairs
SR512436,Repairs
SR512437,Repairs
SR512438,Repairs
SR512439,Repairs
SR512440,Repairs
SR512441,Repairs
SR512442,Repairs
SR512443,Repairs
SR512444,Repairs
SR512445,Repairs
SR512446,Repairs
SR512447,Repairs
SR512448,Repairs
SR512449,Repairs
SR512450,Repairs
SR512451,Repairs
SR512452,Repairs
SR512453,Repairs
SR512454,Repairs
SR512455,Repairs
SR512456,Repairs
SR512457,Repairs
SR512458,Repairs
SR512459,Repairs
SR512460,Repairs
SR512461,Repairs
SR512462,Repairs
SR512463,Repairs
SR512464,Repairs
SR512465,Repairs
SR512466,Repairs
SR512467,Repairs
SR512468,Repairs
SR512469,Repairs
SR512470,Repairs
SR512471,Repairs
SR512472,Repairs
SR512473,Repairs
SR512474,Repairs
SR512475,Repairs
SR512476,Repairs
SR512477,Repairs
SR512478,Repairs
SR512479,Repairs
SR512480,Repairs
SR512481,Repairs
SR512482,Repairs
SR512483,Repairs
SR512484,Repairs
SR512485,Repairs
SR512486,Repairs
SR512487,Repairs
SR512488,Repairs
SR512489,Repairs
SR512490,Repairs
SR512491,Repairs
SR512492,Repairs
SR512493,Repairs
SR512494,Repairs
SR512495,Repairs
SR512496,Repairs
SR512497,Repairs
SR512498,Repairs
SR512499,Repairs
SR512500,Repairs
SR512501,Repairs
SR512502,Repairs
SR512503,Repairs
SR512504,Repairs
SR512505,Repairs
SR512506,Repairs
SR512507,Repairs
SR512508,Repairs
SR512509,Repairs
SR512510,Repairs
SR512511,Repairs
SR512512,Repairs
SR512513,Repairs
SR512514,Repairs
SR512515,Repairs
SR512516,Repairs
SR512517,Repairs
SR512518,Repairs
SR512519,Repairs
SR512520,Repairs
SR512521,Repairs
SR512522,Repairs
SR512523,Repairs
SR512524,Repairs
SR512525,Repairs
SR512526,Repairs
SR512527,Repairs
SR512528,Repairs
SR512529,Repairs
SR512530,Repairs
SR512531,Repairs
SR512532,Repairs
SR512533,Repairs
SR512534,Repairs
SR512535,Repairs
SR512536,Repairs
SR512537,Repairs
SR512538,Repairs
SR512539,Repairs
SR512540,Repairs
SR512541,Repairs
SR512542,Repairs
SR512543,Repairs
SR512544,Repairs
SR512545,Repairs
SR512546,Repairs
SR512547,Repairs
SR512548,Repairs
SR512549,Repairs
SR512550,Repairs
SR512551,Repairs
SR512552,Repairs
SR512553,Repairs
SR512554,Repairs
SR512555,Repairs
SR512556,Repairs
SR512557,Repairs
SR512558,Repairs
SR512559,Repairs
SR512560,Repairs
SR512561,Repairs
SR512562,Repairs
SR512563,Repairs
SR512564,Repairs
SR512565,Repairs
SR512566,Repairs
SR512567,Repairs
SR512568,Repairs
SR512569,Repairs
SR512570,Repairs
SR512571,Repairs
SR512572,Repairs
SR512573,Repairs
SR512574,Repairs
SR512575,Repairs
SR512576,Repairs
SR512577,Repairs
SR512578,Repairs
SR512579,Repairs
SR512580,Repairs
SR512581,Repairs
SR512582,Repairs
SR512583,Repairs
SR512584,Repairs
SR512585,Repairs
SR512586,Repairs
SR512587,Repairs
SR512588,Repairs
SR512589,Repairs
SR512590,Repairs
SR512591,Repairs
SR512592,Repairs
SR512593,Repairs
SR512594,Repairs
SR512595,Repairs
SR512596,Repairs
SR512597,Repairs
SR512598,Repairs
SR512599,Repairs
SR512600,Repairs
SR512601,Repairs
SR512602,Repairs
SR512603,Repairs
SR512604,Repairs
SR512605,Repairs
SR512606,Repairs
SR512607,Repairs
SR512608,Repairs
SR512609,Repairs
SR512610,Repairs
SR512611,Repairs
SR512612,Repairs
SR512613,Repairs
SR512614,Repairs
SR512615,Repairs
SR512616,Repairs
SR512617,Repairs
SR512618,Repairs
SR512619,Repairs
SR512620,Repairs
SR512621,Repairs
SR512622,Repairs
SR512623,Repairs
SR512624,Repairs
SR512625,Repairs
SR512626,Repairs
SR512627,Repairs
SR512628,Repairs
SR512629,Repairs
SR512630,Repairs
SR512631,Repairs
SR512632,Repairs
SR512633,Repairs
SR512634,Repairs
SR512635,Repairs
SR512636,Repairs
SR512637,Repairs
SR512638,Repairs
SR512639,Repairs
SR512640,Repairs
SR512641,Repairs
SR512642,Repairs
SR512643,Repairs
SR512644,Repairs
SR512645,Repairs
SR512646,Repairs
SR512647,Repairs
SR512648,Repairs
SR512649,Repairs
SR512650,Repairs
SR512651,Repairs
SR512652,Repairs
SR512653,Repairs
SR512654,Repairs
SR512655,Repairs
SR512656,Repairs
SR512657,Repairs
SR512658,Repairs
SR512659,Repairs
SR512660,Repairs
SR512661,Repairs
SR512662,Repairs
SR512663,Repairs
SR512664,Repairs
SR512665,Repairs
SR512666,Repairs
SR512667,Repairs
SR512668,Repairs
SR512669,Repairs
SR512670,Repairs
SR512671,Repairs
SR512672,Repairs
SR512673,Repairs
SR512674,Repairs
SR512675,Repairs
SR512676,Repairs
SR512677,Repairs
SR512678,Repairs
SR512679,Repairs
SR512680,Repairs
SR512681,Repairs
SR512682,Repairs
SR512683,Repairs
SR512684,Repairs
SR512685,Repairs
SR512686,Repairs
SR512687,Repairs
SR512688,Repairs
SR512689,Repairs
SR512690,Repairs
SR512691,Repairs
SR512692,Repairs
SR512693,Repairs
SR512694,Repairs
SR512695,Repairs
SR512696,Repairs
SR512697,Repairs
SR512698,Repairs
SR512699,Repairs
SR512700,Repairs
SR512701,Repairs
SR512702,Repairs
SR512703,Repairs
SR512704,Repairs
SR512705,Repairs
SR512706,Repairs
SR512707,Repairs
SR512708,Repairs
SR512709,Repairs
SR512710,Repairs
SR512711,Repairs
SR512712,Repairs
SR512713,Repairs
SR512714,Repairs
SR512715,Repairs
SR512716,Repairs
SR512717,Repairs
SR512718,Repairs
SR512719,Repairs
SR512720,Repairs
SR512721,Repairs
SR512722,Repairs
SR512723,Repairs
SR512724,Repairs
SR512725,Repairs
SR512726,Repairs
SR512727,Repairs
SR512728,Repairs
SR512729,Repairs
SR512730,Repairs
SR512731,Repairs
SR512732,Repairs
SR512733,Repairs
SR512734,Repairs
SR512735,Repairs
SR512736,Repairs
SR512737,Repairs
SR512738,Repairs
SR512739,Repairs
SR512740,Repairs
SR512741,Repairs
SR512742,Repairs
SR512743,Repairs
SR512744,Repairs
SR512745,Repairs
SR512746,Repairs
SR512747,Repairs
SR512748,Repairs
SR512749,Repairs
SR512750,Repairs
SR512751,Repairs
SR512752,Repairs
SR512753,Repairs
SR512754,Repairs
SR512755,Repairs
SR512756,Repairs
SR512757,Repairs
SR512758,Repairs
SR512759,Repairs
SR512760,Repairs
SR512761,Repairs
SR512762,Repairs
SR512763,Repairs
SR512764,Repairs
SR512765,Repairs
SR512766,Repairs
SR512767,Repairs
SR512768,Repairs
SR512769,Repairs
SR512770,Repairs
SR512771,Repairs
SR512772,Repairs
SR512773,Repairs
SR512774,Repairs
SR512775,Repairs
SR512776,Repairs
SR512777,Repairs
SR512778,Repairs
SR512779,Repairs
SR512780,Repairs
SR512781,Repairs
SR512782,Repairs
SR512783,Repairs
SR512784,Repairs
SR512785,Repairs
SR512786,Repairs
SR512787,Repairs
SR512788,Repairs
SR512789,Repairs
SR512790,Repairs
SR512791,Repairs
SR512792,Repairs
SR512793,Repairs
SR512794,Repairs
SR512795,Repairs
SR512796,Repairs
SR512797,Repairs
SR512798,Repairs
SR512799,Repairs
SR512800,Repairs
SR512801,Repairs
SR512802,Repairs
SR512803,Repairs
SR512804,Repairs
SR512805,Repairs
SR512806,Repairs
SR512807,Repairs
SR512808,Repairs
SR512809,Repairs
SR512810,Repairs
SR512811,Repairs
SR512812,Repairs
SR512813,Repairs
SR512814,Repairs
SR512815,Repairs
SR512816,Repairs
SR512817,Repairs
SR512818,Repairs
SR512819,Repairs
SR512820,Repairs
SR512821,Repairs
SR512822,Repairs
SR512823,Repairs
SR512824,Repairs
SR512825,Repairs
SR512826,Repairs
SR512827,Repairs
SR512828,Repairs
SR512829,Repairs
SR512830,Repairs
SR512831,Repairs
SR512832,Repairs
SR512833,Repairs
SR512834,Repairs
SR512835,Repairs
SR512836,Repairs
SR512837,Repairs
SR512838,Repairs
SR512839,Repairs
SR512840,Repairs
SR512841,Repairs
SR512842,Repairs
SR512843,Repairs
SR512844,Repairs
SR512845,Repairs
SR512846,Repairs
SR512847,Repairs
SR512848,Repairs
SR512849,Repairs
SR512850,Repairs
SR512851,Repairs
SR512852,Repairs
SR512853,Repairs
SR512854,Repairs
SR512855,Repairs
SR512856,Repairs
SR512857,Repairs
SR512858,Repairs
SR512859,Repairs
SR512860,Repairs
SR512861,Repairs
SR512862,Repairs
SR512863,Repairs
SR512864,Repairs
SR512865,Repairs
SR512866,Repairs
SR512867,Repairs
SR512868,Repairs
SR512869,Repairs
SR512870,Repairs
SR512871,Repairs
SR512872,Repairs
SR512873,Repairs
SR512874,Repairs
SR512875,Repairs
SR512876,Repairs
SR512877,Repairs
SR512878,Repairs
SR512879,Repairs
SR512880,Repairs
SR512881,Repairs
SR512882,Repairs
SR512883,Repairs
SR512884,Repairs
SR512885,Repairs
SR512886,Repairs
SR512887,Repairs
SR512888,Repairs
SR512889,Repairs
SR512890,Repairs
SR512891,Repairs
SR512892,Repairs
SR512893,Repairs
SR512894,Repairs
SR512895,Repairs
SR512896,Repairs
SR512897,Repairs
SR512898,Repairs
SR512899,Repairs
SR512900,Repairs
SR512901,Repairs
SR512902,Repairs
SR512903,Repairs
SR512904,Repairs
SR512905,Repairs
SR512906,Repairs
SR512907,Repairs
SR512908,Repairs
SR512909,Repairs
SR512910,Repairs
SR512911,Repairs
SR512912,Repairs
SR512913,Repairs
SR512914,Repairs
SR512915,Repairs
SR512916,Repairs
SR512917,Repairs
SR512918,Repairs
SR512919,Repairs
SR512920,Repairs
SR512921,Repairs
SR512922,Repairs
SR512923,Repairs
SR512924,Repairs
SR512925,Repairs
SR512926,Repairs
SR512927,Repairs
SR512928,Repairs
SR512929,Repairs
SR512930,Repairs
SR512931,Repairs
SR512932,Repairs
SR512933,Repairs
SR512934,Repairs
SR512935,Repairs
SR512936,Repairs
SR512937,Repairs
SR512938,Repairs
SR512939,Repairs
SR512940,Repairs
SR512941,Repairs
SR512942,Repairs
SR512943,Repairs
SR512944,Repairs
SR512945,Repairs
SR512946,Repairs
SR512947,Repairs
SR512948,Repairs
SR512949,Repairs
SR512950,Repairs
SR512951,Repairs
SR512952,Repairs
SR512953,Repairs
SR512954,Repairs
SR512955,Repairs
SR512956,Repairs
SR512957,Repairs
SR512958,Repairs
SR512959,Repairs
SR512960,Repairs
SR512961,Repairs
SR512962,Repairs
SR512963,Repairs
SR512964,Repairs
SR512965,Repairs
SR512966,Repairs
SR512967,Repairs
SR512968,Repairs
SR512969,Repairs
SR512970,Repairs
SR512971,Repairs
SR512972,Repairs
SR512973,Repairs
SR512974,Repairs
SR512975,Repairs
SR512976,Repairs
SR512977,Repairs
SR512978,Repairs
SR512979,Repairs
SR512980,Repairs
SR512981,Repairs
SR512982,Repairs
SR512983,Repairs
SR512984,Repairs
SR512985,Repairs
SR512986,Repairs
SR512987,Repairs
SR512988,Repairs
SR512989,Repairs
SR512990,Repairs
SR512991,Repairs
SR512992,Repairs
SR512993,Repairs
SR512994,Repairs
SR512995,Repairs
SR512996,Repairs
SR512997,Repairs
SR512998,Repairs
SR512999,Repairs
